"","EMVmu","EMVgamma1","EMVgamma2","EMValpha","EMVdelta"
"1",0.99793118402952,5.19704328845031,16.1524032481116,3.38441008968073,0.243427541765551
