"","EMVmu1","EMVgamma1","EMValpha1","EMVmu2","EMVgamma2","EMValpha2","EMVdelta"
"1",0.828093748797391,8.58179025423655,3.66201471101047,1.81544473397096,2.05669202030825,2.12277261072482,0.228027496364332
