"","LowerBp","UpperBp","z0hat","ahat","alpha1Jack","alpha2Jack","LowerBCa","UpperBCa"
"1",0.1527,0.3085,0.0830648183849625,0.0124652332873051,0.0399793014780899,0.985352087306966,0.1598,0.3177
